{"cameraMode":{"drawMode":0,"name":"Shaded","section":"Shading Mode"},"sceneLighting":false,"audioPlay":false,"sceneViewState":{"showFog":false,"showMaterialUpdate":false,"showSkybox":false,"showFlares":false,"showImageEffects":false,"showParticleSystems":false},"in2DMode":false,"pivot":{"x":-2.122020721435547,"y":15.673982620239258,"z":22.497230529785158},"rotation":{"x":-0.1465466171503067,"y":-0.7390655279159546,"z":0.17056512832641602,"w":-0.6349911689758301},"size":44.87278366088867,"orthographic":false}