{"cameraMode":{"drawMode":0,"name":"Shaded","section":"Shading Mode"},"sceneLighting":true,"audioPlay":false,"sceneViewState":{"showFog":false,"showMaterialUpdate":false,"showSkybox":false,"showFlares":false,"showImageEffects":false,"showParticleSystems":false},"in2DMode":false,"pivot":{"x":-4.001486778259277,"y":3.06607723236084,"z":15.66982650756836},"rotation":{"x":0.019493049010634424,"y":-0.02789827436208725,"z":0.0005441571120172739,"w":0.9994205236434937},"size":2.8578829765319826,"orthographic":false}