{"cameraMode":{"drawMode":0,"name":"Shaded","section":"Shading Mode"},"sceneLighting":false,"audioPlay":false,"sceneViewState":{"showFog":true,"showMaterialUpdate":true,"showSkybox":true,"showFlares":true,"showImageEffects":true,"showParticleSystems":true},"in2DMode":false,"pivot":{"x":-10.079999923706055,"y":-0.4099999666213989,"z":9.285873413085938},"rotation":{"x":-0.06191163510084152,"y":-0.9365479946136475,"z":0.2701303958892822,"w":-0.21464931964874268},"size":1.9066812992095948,"orthographic":false}