{"cameraMode":{"drawMode":0,"name":"Shaded","section":"Shading Mode"},"sceneLighting":true,"audioPlay":false,"sceneViewState":{"showFog":true,"showMaterialUpdate":true,"showSkybox":true,"showFlares":true,"showImageEffects":true,"showParticleSystems":true},"in2DMode":false,"pivot":{"x":-37.787899017333987,"y":4.712008476257324,"z":6.9373908042907719},"rotation":{"x":0.12234071642160416,"y":0.6596779823303223,"z":-0.11005643010139466,"w":0.7333112359046936},"size":4.136087894439697,"orthographic":false}