{"cameraMode":{"drawMode":0,"name":"Shaded","section":"Shading Mode"},"sceneLighting":true,"audioPlay":false,"sceneViewState":{"showFog":false,"showMaterialUpdate":false,"showSkybox":false,"showFlares":false,"showImageEffects":false,"showParticleSystems":false},"in2DMode":false,"pivot":{"x":-43.531620025634769,"y":2.3426194190979006,"z":-16.3375301361084},"rotation":{"x":0.0012833671644330025,"y":-0.9962436556816101,"z":0.08538703620433808,"w":0.014924896880984307},"size":24.20418357849121,"orthographic":false}