{"cameraMode":{"drawMode":0,"name":"Shaded","section":"Shading Mode"},"sceneLighting":false,"audioPlay":false,"sceneViewState":{"showFog":false,"showMaterialUpdate":false,"showSkybox":false,"showFlares":false,"showImageEffects":false,"showParticleSystems":false},"in2DMode":false,"pivot":{"x":-11.844030380249024,"y":1.9275131225585938,"z":11.932135581970215},"rotation":{"x":-0.0208144374191761,"y":-0.9723473787307739,"z":0.2121460735797882,"w":-0.09540107846260071},"size":11.546929359436036,"orthographic":false}