{"cameraMode":{"drawMode":0,"name":"Shaded","section":"Shading Mode"},"sceneLighting":false,"audioPlay":false,"sceneViewState":{"showFog":false,"showMaterialUpdate":false,"showSkybox":false,"showFlares":false,"showImageEffects":false,"showParticleSystems":false},"in2DMode":false,"pivot":{"x":0.0,"y":0.37000006437301638,"z":0.0035974085330963136},"rotation":{"x":0.018302183598279954,"y":0.981507420539856,"z":-0.14413800835609437,"w":0.12462939321994782},"size":3.134011745452881,"orthographic":false}